City_ID,City,Country,Date,Lat,Lng,Max Temp,Humidity,Cloudiness,Wind Speed
0,Georgetown,MY,2022-12-30 16:01:33,5.4112,100.3354,80.53,65,20,5.75
1,Vanimo,PG,2022-12-30 16:01:51,-2.6741,141.3028,76.82,87,97,5.41
2,Hamilton,US,2022-12-30 15:58:11,39.1834,-84.5333,59.63,67,100,3.0
3,Hobart,AU,2022-12-30 15:57:08,-42.8794,147.3294,60.66,94,100,5.75
4,Norman Wells,CA,2022-12-30 16:01:52,65.282,-126.8329,-10.53,97,93,5.26
5,Kieta,PG,2022-12-30 16:00:36,-6.2167,155.6333,77.92,79,100,6.15
6,Little Current,CA,2022-12-30 16:01:52,45.9793,-81.9248,47.41,97,100,3.0
7,Albany,US,2022-12-30 15:59:06,42.6001,-73.9662,45.36,64,100,2.8
8,Tiksi,RU,2022-12-30 16:01:53,71.6872,128.8694,-4.05,97,100,13.33
9,Klaksvik,FO,2022-12-30 16:01:54,62.2266,-6.589,31.12,66,100,31.05
10,Busselton,AU,2022-12-30 16:01:54,-33.65,115.3333,62.13,80,72,11.59
11,Palmer,US,2022-12-30 15:59:35,42.1584,-72.3287,55.67,53,18,5.14
12,Ferkessedougou,CI,2022-12-30 16:01:55,9.6,-5.2,94.53,9,20,8.63
13,Vaini,TO,2022-12-30 16:01:55,-21.2,-175.2,76.93,86,100,9.62
14,Mataura,NZ,2022-12-30 16:01:55,-46.1927,168.8643,40.93,98,54,1.52
15,Cherdyn,RU,2022-12-30 16:01:56,60.403,56.4787,-0.65,94,100,4.74
16,Saint-Philippe,RE,2022-12-30 16:01:56,-21.3585,55.7679,80.19,78,52,2.82
17,Mahibadhoo,MV,2022-12-30 16:01:57,3.7833,72.9667,81.27,76,13,15.32
18,Bathsheba,BB,2022-12-30 16:01:57,13.2167,-59.5167,79.81,77,17,18.63
19,Upernavik,GL,2022-12-30 16:01:58,72.7868,-56.1549,-8.21,90,100,3.65
20,Nikolskoye,RU,2022-12-30 16:01:58,59.7035,30.7861,37.29,99,100,6.96
21,Blagoyevo,RU,2022-12-30 16:01:59,63.3667,47.9167,6.64,97,78,5.39
22,Ruwi,OM,2022-12-30 16:01:59,23.5996,58.5507,71.67,55,0,5.37
23,Rikitea,PF,2022-12-30 16:01:59,-23.1203,-134.9692,76.51,73,39,4.34
24,Pochutla,MX,2022-12-30 16:02:00,15.7432,-96.4661,82.81,46,100,4.72
25,Curup,ID,2022-12-30 16:02:00,-3.4667,102.5333,67.01,97,100,1.74
26,Atuona,PF,2022-12-30 16:02:01,-9.8,-139.0333,77.68,72,21,18.43
27,Saskylakh,RU,2022-12-30 16:02:01,71.9167,114.0833,-1.1,83,97,24.43
28,Kutum,SD,2022-12-30 16:02:01,14.2,24.6667,67.35,20,0,7.67
29,Ushuaia,AR,2022-12-30 16:02:02,-54.8,-68.3,46.06,76,75,27.63
30,Hasaki,JP,2022-12-30 16:02:02,35.7333,140.8333,28.8,40,4,5.19
31,Olinda,BR,2022-12-30 15:59:42,-8.0089,-34.8553,83.93,65,75,10.36
32,Dikson,RU,2022-12-30 16:02:03,73.5069,80.5464,-10.19,93,100,22.26
33,Hilo,US,2022-12-30 16:01:02,19.7297,-155.09,69.24,86,65,4.0
34,Hermanus,ZA,2022-12-30 16:02:06,-34.4187,19.2345,74.8,54,0,21.39
35,Chingirlau,KZ,2022-12-30 16:02:06,51.095,54.0814,24.93,97,95,8.16
36,Vagur,FO,2022-12-30 16:02:07,61.4732,-6.8119,33.84,65,100,36.01
37,Mount Gambier,AU,2022-12-30 16:02:07,-37.8333,140.7667,56.41,94,57,4.05
38,Bredasdorp,ZA,2022-12-30 16:02:08,-34.5322,20.0403,68.11,55,0,19.64
39,Castro,BR,2022-12-30 16:02:08,-24.7911,-50.0119,75.58,58,69,3.56
40,Tilichiki,RU,2022-12-30 16:02:09,60.4667,166.1,-19.48,96,80,11.81
41,Moose Factory,CA,2022-12-30 16:02:10,51.2585,-80.6094,33.78,100,100,3.44
42,Kushiro,JP,2022-12-30 16:02:10,42.975,144.3747,25.48,80,82,3.83
43,Miaoli,TW,2022-12-30 16:01:51,24.5643,120.8237,63.95,81,37,20.15
44,Codrington,AU,2022-12-30 16:03:11,-38.2667,141.9667,56.37,93,73,3.36
45,Sibu,MY,2022-12-30 15:59:28,2.3,111.8167,77.31,88,40,1.14
46,Hithadhoo,MV,2022-12-30 16:03:12,-0.6,73.0833,80.71,73,5,5.82
47,Lata,PT,2022-12-30 16:03:12,40.1629,-8.3327,61.07,82,100,8.28
48,Awbari,LY,2022-12-30 16:03:13,26.5921,12.7805,62.2,26,0,7.92
49,Ilhabela,BR,2022-12-30 16:03:13,-23.7781,-45.3581,74.01,87,100,4.12
50,Chuy,UY,2022-12-30 16:03:14,-33.6971,-53.4616,86.05,29,0,5.12
51,Umm Lajj,SA,2022-12-30 16:03:14,25.0213,37.2685,74.14,50,1,13.29
52,Taoudenni,ML,2022-12-30 16:03:15,22.6783,-3.9836,80.06,15,100,14.5
53,Bethel,US,2022-12-30 16:02:27,41.3712,-73.414,55.72,51,4,1.99
54,Port Antonio,JM,2022-12-30 16:03:16,18.18,-76.4612,86.0,64,2,6.76
55,Esperance,AU,2022-12-30 16:03:16,-33.8667,121.9,69.1,63,0,22.77
56,Bluff,NZ,2022-12-30 16:01:18,-46.6,168.3333,49.23,78,21,5.82
57,Pisco,PE,2022-12-30 16:03:17,-13.7,-76.2167,74.98,70,100,10.07
58,Brae,GB,2022-12-30 16:03:17,60.3964,-1.353,40.12,96,100,12.93
59,Chokurdakh,RU,2022-12-30 16:03:18,70.6333,147.9167,-42.61,100,70,4.76
60,Severo-Kurilsk,RU,2022-12-30 16:03:18,50.6789,156.125,24.19,80,100,21.32
61,Yellowknife,CA,2022-12-30 16:01:27,62.456,-114.3525,8.56,84,100,8.01
62,Sao Joao Da Barra,BR,2022-12-30 16:03:19,-21.6403,-41.0511,75.16,89,100,8.23
63,Cabo San Lucas,MX,2022-12-30 16:00:02,22.8909,-109.9124,71.51,72,13,4.45
64,Fuyu,CN,2022-12-30 16:03:19,45.1833,124.8167,11.37,73,1,13.71
65,Cayenne,GF,2022-12-30 15:59:49,4.9333,-52.3333,84.24,65,20,9.22
66,Meulaboh,ID,2022-12-30 16:03:20,4.1363,96.1285,77.54,83,100,2.21
67,Yulara,AU,2022-12-30 16:03:20,-25.2406,130.9889,80.91,40,89,16.22
68,Port Alfred,ZA,2022-12-30 16:03:21,-33.5906,26.891,70.18,67,38,5.99
69,Broome,US,2022-12-30 16:01:33,42.2506,-75.833,46.65,73,100,1.01
70,Xining,CN,2022-12-30 16:00:14,36.6167,101.7667,20.57,24,10,0.74
71,Kavieng,PG,2022-12-30 16:03:22,-2.5744,150.7967,80.64,74,100,3.13
72,Tuatapere,NZ,2022-12-30 16:03:23,-46.1333,167.6833,43.9,93,17,3.31
73,Lagoa,PT,2022-12-30 16:03:23,39.05,-27.9833,57.52,74,100,32.46
74,Araouane,ML,2022-12-30 16:03:24,18.9048,-3.5265,80.69,9,100,12.28
75,Starokozache,UA,2022-12-30 16:03:24,46.3372,29.9853,42.78,73,7,7.76
76,Iralaya,HN,2022-12-30 16:03:25,15.0,-83.2333,78.71,84,31,13.35
77,Tombouctou,ML,2022-12-30 16:03:25,20.0,-3.0,81.19,10,100,11.25
78,Kamariotissa,GR,2022-12-30 16:03:26,40.4833,25.4667,56.79,73,74,7.02
79,Cidreira,BR,2022-12-30 16:03:26,-30.1811,-50.2056,76.26,59,0,13.67
80,Kapaa,US,2022-12-30 16:03:27,22.0752,-159.319,67.98,69,64,6.04
81,Qaanaaq,GL,2022-12-30 16:03:27,77.484,-69.3632,-23.6,69,11,7.07
82,Nuuk,GL,2022-12-30 16:02:18,64.1835,-51.7216,18.21,62,40,13.8
83,Carnarvon,AU,2022-12-30 16:03:28,-24.8667,113.6333,74.77,71,0,23.78
84,Hohhot,CN,2022-12-30 16:03:28,40.8106,111.6522,11.34,50,0,1.05
85,Butaritari,KI,2022-12-30 16:03:29,3.0707,172.7902,80.35,78,90,12.62
86,Faanui,PF,2022-12-30 16:03:29,-16.4833,-151.75,80.1,77,38,13.73
87,Vardo,NO,2022-12-30 16:03:30,70.3705,31.1107,26.58,80,75,18.41
88,Kharp,RU,2022-12-30 16:03:30,66.8014,65.8081,-17.25,100,100,0.76
89,Yerbogachen,RU,2022-12-30 16:03:31,61.2767,108.0108,-23.87,97,79,4.34
90,Lompoc,US,2022-12-30 16:01:52,34.6391,-120.4579,56.84,96,100,4.61
91,Tuktoyaktuk,CA,2022-12-30 16:03:31,69.4541,-133.0374,-0.38,96,99,7.81
92,Kaohsiung,TW,2022-12-30 16:04:32,22.6163,120.3133,62.55,88,75,4.61
93,Koster,ZA,2022-12-30 16:04:33,-25.863,26.8976,64.69,80,100,8.84
94,Laguna,US,2022-12-30 15:59:44,38.421,-121.4238,55.18,96,100,17.27
95,Houma,US,2022-12-30 16:04:33,29.5958,-90.7195,69.01,100,75,9.22
96,Victoria,HK,2022-12-30 16:03:21,22.2855,114.1577,59.25,66,94,11.01
97,Saint-Pierre,RE,2022-12-30 16:04:34,-21.3393,55.4781,80.28,74,16,6.91
98,Kahului,US,2022-12-30 16:04:35,20.8947,-156.47,73.85,83,0,4.61
99,Namibe,AO,2022-12-30 16:04:41,-15.1961,12.1522,75.49,74,99,10.36
100,Tasiilaq,GL,2022-12-30 16:04:42,65.6145,-37.6368,6.96,58,0,4.76
101,Inirida,CO,2022-12-30 16:04:43,3.8653,-67.9239,93.61,44,10,0.45
102,Harur,IN,2022-12-30 16:04:43,12.0667,78.5,70.18,75,5,2.35
103,San Juan De Las Huertas,MX,2022-12-30 16:04:43,19.2464,-99.7606,48.45,55,100,2.73
104,Provideniya,RU,2022-12-30 16:04:44,64.3833,-173.3,-3.44,81,100,11.1
105,Jamestown,US,2022-12-30 16:04:44,42.097,-79.2353,54.99,47,100,11.5
106,Souillac,MU,2022-12-30 16:04:45,-20.5167,57.5167,78.08,69,39,5.08
107,Hit,IQ,2022-12-30 16:04:45,33.6416,42.8251,55.58,54,0,5.32
108,Metro,ID,2022-12-30 16:04:46,-5.1131,105.3067,74.84,92,99,5.88
109,Coahuayana,MX,2022-12-30 16:04:46,18.7333,-103.6833,79.48,46,100,2.44
110,Springbok,ZA,2022-12-30 16:04:47,-29.6643,17.8865,88.11,10,0,13.49
111,Golyshmanovo,RU,2022-12-30 16:04:47,56.3979,68.3728,-13.16,100,94,4.97
112,Punta Arenas,CL,2022-12-30 16:04:48,-53.15,-70.9167,53.71,51,20,41.43
113,Narsipatnam,IN,2022-12-30 16:04:48,17.6667,82.6167,72.79,91,38,1.05
114,Ballitoville,ZA,2022-12-30 16:04:49,-29.539,31.2144,67.24,75,100,8.59
115,Fort Nelson,CA,2022-12-30 16:00:49,58.8053,-122.7002,-6.05,88,100,0.65
116,Anadyr,RU,2022-12-30 16:04:49,64.75,177.4833,-16.1,69,75,11.18
117,Morondava,MG,2022-12-30 16:04:50,-20.2833,44.2833,82.78,73,95,11.25
118,Uvira,CD,2022-12-30 16:04:50,-3.4067,29.1458,74.1,87,81,6.02
119,Rio Grande,BR,2022-12-30 16:04:50,-32.035,-52.0986,79.99,48,0,12.8
120,Berlevag,NO,2022-12-30 16:04:51,70.8578,29.0864,23.0,74,100,17.27
121,Ponta Do Sol,PT,2022-12-30 16:04:51,32.6667,-17.1,73.13,47,11,7.87
122,Dubbo,AU,2022-12-30 16:04:51,-32.25,148.6167,68.13,68,17,11.5
123,Husavik,IS,2022-12-30 16:04:52,66.0449,-17.3389,20.26,74,100,20.58
124,Iqaluit,CA,2022-12-30 16:00:14,63.7506,-68.5145,-22.61,87,19,9.55
125,Dunedin,NZ,2022-12-30 16:00:14,-45.8742,170.5036,48.02,89,68,3.0
126,Pingliang,CN,2022-12-30 16:04:53,35.5392,106.6861,26.46,62,22,1.03
127,Khatanga,RU,2022-12-30 16:04:53,71.9667,102.5,-9.24,86,100,19.37
128,Carroll,US,2022-12-30 16:04:54,39.5501,-77.0164,54.77,61,10,1.99
129,Ust-Kuyga,RU,2022-12-30 16:04:54,70.0167,135.6,-38.67,100,100,8.52
130,Tekkali,IN,2022-12-30 16:00:28,18.6167,84.2333,70.23,85,0,1.63
131,Tommot,RU,2022-12-30 16:04:55,58.9564,126.2925,-15.75,96,100,8.19
132,Komatsu,JP,2022-12-30 16:04:55,36.4026,136.4509,35.83,80,90,3.06
133,Padang,ID,2022-12-30 16:04:55,-0.9492,100.3543,71.65,94,100,4.85
134,Zhangye,CN,2022-12-30 16:04:56,38.9342,100.4517,21.25,32,13,6.53
135,Lebu,CL,2022-12-30 16:04:56,-37.6167,-73.65,64.06,65,0,21.92
136,Barrow,US,2022-12-30 16:00:07,71.2906,-156.7887,-6.21,96,99,9.86
137,Imbituba,BR,2022-12-30 16:04:57,-28.24,-48.6703,82.85,62,0,15.93
138,Avarua,CK,2022-12-30 16:05:57,-21.2078,-159.775,78.85,89,75,5.75
139,Adur,IN,2022-12-30 16:05:57,9.1667,76.7333,72.79,81,20,1.86
140,Luderitz,NA,2022-12-30 16:05:58,-26.6481,15.1594,82.24,43,0,25.55
141,Kodiak,US,2022-12-30 16:05:58,57.79,-152.4072,35.11,69,0,8.05
142,Mayna,RU,2022-12-30 16:05:59,54.1135,47.6231,17.28,98,100,5.48
143,Verkhnevilyuysk,RU,2022-12-30 16:05:59,63.4453,120.3167,-7.53,96,100,7.31
144,Rosamorada,MX,2022-12-30 16:05:59,22.1222,-105.2058,74.57,47,31,2.51
145,Sergach,RU,2022-12-30 16:06:00,55.5308,45.4661,21.47,96,100,7.92
146,Doha,QA,2022-12-30 16:06:00,25.2867,51.5333,67.98,56,0,8.05
147,East London,ZA,2022-12-30 16:06:01,-33.0153,27.9116,67.91,58,88,12.68
148,Yar-Sale,RU,2022-12-30 16:06:01,66.8333,70.8333,-24.21,100,37,5.59
149,Ambikapur,IN,2022-12-30 16:06:01,23.1167,83.2,57.47,40,0,1.45
150,Ribeira Grande,PT,2022-12-30 16:06:02,38.5167,-28.7,59.4,72,75,25.32
151,Muramatsu,JP,2022-12-30 16:06:03,37.6833,139.1833,33.22,87,100,2.98
152,Port Hedland,AU,2022-12-30 16:01:17,-20.3167,118.5667,84.25,70,100,0.0
153,Khorixas,NA,2022-12-30 16:06:03,-20.3667,14.9667,85.32,37,91,16.75
154,Raudeberg,NO,2022-12-30 16:06:04,61.9875,5.1352,38.86,58,100,17.85
155,Aswan,EG,2022-12-30 16:06:04,24.0934,32.907,65.89,24,0,9.06
156,Bulancak,TR,2022-12-30 16:06:05,40.9372,38.2291,44.42,65,0,4.61
157,Olafsvik,IS,2022-12-30 16:06:05,64.8945,-23.7142,22.33,53,100,7.49
158,Karpathos,GR,2022-12-30 16:06:06,35.507,27.2132,61.66,71,46,5.5
159,Abay,KZ,2022-12-30 16:06:07,49.6311,72.8539,16.18,97,97,6.49
160,Xai-Xai,MZ,2022-12-30 16:06:07,-25.0519,33.6442,72.97,86,100,21.41
161,Stolin,BY,2022-12-30 16:06:07,51.8912,26.846,39.27,91,83,10.83
162,New Norfolk,AU,2022-12-30 16:06:08,-42.7826,147.0587,60.3,80,97,1.14
163,Mbanza-Ngungu,CD,2022-12-30 16:06:08,-5.25,14.8667,76.21,86,72,2.1
164,Kovur,IN,2022-12-30 16:06:09,14.4833,79.9833,74.59,78,1,5.28
165,Praia Da Vitoria,PT,2022-12-30 16:06:10,38.7333,-27.0667,56.75,90,99,20.71
166,Requena,ES,2022-12-30 16:06:10,39.4883,-1.1004,58.51,49,73,15.57
167,Poum,NC,2022-12-30 16:06:11,-20.2333,164.0167,80.08,80,7,13.4
168,Harper,LR,2022-12-30 16:06:11,4.375,-7.7169,84.18,65,72,11.12
169,Pacific Grove,US,2022-12-30 16:06:12,36.6177,-121.9166,58.66,92,100,8.99
170,Espanola,US,2022-12-30 16:06:12,35.9911,-106.0806,36.72,52,33,0.25
171,Kruisfontein,ZA,2022-12-30 16:06:13,-34.0033,24.7314,68.88,54,100,19.08
172,Zhezkazgan,KZ,2022-12-30 16:06:14,47.8043,67.7144,28.38,93,100,15.66
173,Nouadhibou,MR,2022-12-30 16:06:14,20.931,-17.0347,67.73,73,27,10.42
174,Cherskiy,RU,2022-12-30 16:06:15,68.75,161.3,-45.45,100,67,3.33
175,Mumford,GH,2022-12-30 16:06:15,5.2618,-0.759,83.1,64,18,11.01
176,Vuktyl,RU,2022-12-30 16:06:16,63.8567,57.3094,-15.75,99,61,2.46
177,Urumqi,CN,2022-12-30 16:06:16,43.801,87.6005,7.75,79,100,2.24
178,Savannah Bight,HN,2022-12-30 16:06:17,16.45,-85.85,79.03,77,0,16.15
179,Anda,CN,2022-12-30 16:06:18,46.4,125.3167,4.05,88,11,8.19
180,Obo,CF,2022-12-30 16:06:18,5.3998,26.4869,82.11,33,96,2.26
181,Arraial Do Cabo,BR,2022-12-30 16:06:18,-22.9661,-42.0278,69.66,100,100,14.97
182,Malindi,KE,2022-12-30 16:06:19,-3.2175,40.1191,79.81,78,94,10.67
183,Ziarat,PK,2022-12-30 16:07:19,30.3823,67.7282,32.9,42,0,6.67
184,Breves,BR,2022-12-30 16:07:20,-1.6822,-50.4803,81.9,75,100,4.45
185,Mar Del Plata,AR,2022-12-30 16:07:20,-38.0023,-57.5575,91.83,31,0,21.85
186,Kungurtug,RU,2022-12-30 16:07:20,50.5994,97.5228,-0.89,99,99,0.49
187,Chara,RU,2022-12-30 16:07:21,56.9064,118.2631,-8.05,95,100,2.04
188,Sinnamary,GF,2022-12-30 16:07:21,5.3833,-52.95,79.95,83,31,8.59
189,Notse,TG,2022-12-30 16:07:22,6.95,1.1667,95.41,12,56,4.03
190,Surat Thani,TH,2022-12-30 16:07:22,9.1667,99.25,74.57,83,71,8.52
191,Karia,NG,2022-12-30 16:07:23,11.7306,11.1629,79.23,14,56,9.28
192,Awjilah,LY,2022-12-30 16:07:23,29.1081,21.2869,61.48,49,62,8.66
193,Moindou,NC,2022-12-30 16:07:24,-21.6924,165.677,77.32,85,56,7.16
194,Isangel,VU,2022-12-30 16:07:24,-19.55,169.2667,80.38,83,75,16.22
195,Puerto Ayora,EC,2022-12-30 16:07:25,-0.7393,-90.3518,82.36,93,23,3.0
196,Kaman,IN,2022-12-30 16:07:25,27.65,77.2667,57.74,50,0,5.01
197,Saint-Joseph,RE,2022-12-30 16:07:26,-21.3667,55.6167,79.18,77,32,2.28
198,Grindavik,IS,2022-12-30 16:07:26,63.8424,-22.4338,12.67,79,40,2.3
199,Mangrol,IN,2022-12-30 16:07:27,21.1167,70.1167,72.12,64,0,11.61
200,Zeya,RU,2022-12-30 16:07:27,53.75,127.2667,-16.33,100,91,3.47
201,Los Llanos De Aridane,ES,2022-12-30 16:07:28,28.6585,-17.9182,73.15,47,20,14.97
202,Praia,CV,2022-12-30 16:07:28,14.9215,-23.5087,74.43,57,0,10.85
203,Tromso,NO,2022-12-30 16:07:29,69.6496,18.957,33.82,64,75,25.32
204,Urucui,BR,2022-12-30 16:07:29,-7.2294,-44.5561,87.96,53,63,2.35
205,Iquique,CL,2022-12-30 16:07:29,-20.2208,-70.1431,73.44,66,53,5.97
206,Great Yarmouth,GB,2022-12-30 16:07:30,52.6083,1.7305,54.5,81,100,28.7
207,Cape Town,ZA,2022-12-30 16:05:33,-33.9258,18.4232,85.12,47,0,13.0
208,Chapais,CA,2022-12-30 16:07:30,49.7834,-74.8492,35.38,100,100,11.59
209,Zheleznodorozhnyy,RU,2022-12-30 16:07:31,55.7503,38.0042,34.32,100,100,5.84
210,Solnechnyy,RU,2022-12-30 16:07:31,50.7214,136.6319,0.28,93,100,5.77
211,Mao,ES,2022-12-30 16:07:32,39.8885,4.2658,63.16,77,0,9.22
212,Port Shepstone,ZA,2022-12-30 16:07:32,-30.7414,30.455,68.88,64,100,7.43
213,Suez,EG,2022-12-30 16:07:32,29.9737,32.5263,61.27,59,0,7.67
214,Ihosy,MG,2022-12-30 16:07:33,-22.4,46.1167,76.8,65,60,2.84
215,Siilinjarvi,FI,2022-12-30 16:07:33,63.0833,27.6667,28.42,93,100,8.05
216,Kawalu,ID,2022-12-30 16:07:34,-7.3817,108.2082,72.25,95,77,3.02
217,Severnyy,RU,2022-12-30 16:07:34,50.677,36.5532,37.44,93,0,8.95
218,Fare,PF,2022-12-30 16:07:34,-16.7,-151.0167,80.17,76,11,14.12
219,Senj,HR,2022-12-30 16:07:35,44.9894,14.9058,56.16,84,100,8.75
220,Ust-Tsilma,RU,2022-12-30 16:07:35,65.441,52.1498,-3.66,96,94,5.55
221,Nelson Bay,AU,2022-12-30 16:07:36,-32.7167,152.15,70.0,95,24,11.99
222,Katsuura,JP,2022-12-30 16:07:36,35.1333,140.3,46.27,54,60,10.45
223,Cap Malheureux,MU,2022-12-30 16:07:37,-19.9842,57.6142,73.47,77,93,1.01
224,Beloha,MG,2022-12-30 16:07:37,-25.1667,45.05,80.51,58,0,9.37
225,Poindimie,NC,2022-12-30 16:07:37,-20.9333,165.3333,76.77,85,27,6.2
226,Dhidhdhoo,MV,2022-12-30 16:07:38,6.8833,73.1,81.03,74,4,14.76
227,San Patricio,US,2022-12-30 16:07:38,28.017,-97.5169,64.27,82,100,11.23
228,Thompson,CA,2022-12-30 16:07:38,55.7435,-97.8558,4.71,96,100,2.51
229,Kailua,US,2022-12-30 16:04:25,21.4022,-157.7394,72.45,87,31,9.17
230,Merauke,ID,2022-12-30 16:08:40,-8.4667,140.3333,79.48,85,100,10.13
231,Dingle,PH,2022-12-30 16:08:40,10.9995,122.6711,75.24,92,86,5.91
232,Bambous Virieux,MU,2022-12-30 16:08:42,-20.3428,57.7575,73.22,67,20,5.73
233,Coihaique,CL,2022-12-30 16:08:42,-45.5752,-72.0662,61.41,67,100,10.36
234,Zaraza,VE,2022-12-30 16:08:43,9.3503,-65.3245,91.4,40,7,5.75
235,Tutoia,BR,2022-12-30 16:08:43,-2.7619,-42.2744,84.09,68,56,13.24
236,Skibbereen,IE,2022-12-30 16:08:44,51.55,-9.2667,51.12,82,90,24.2
237,Tocopilla,CL,2022-12-30 16:08:44,-22.092,-70.1979,72.55,62,85,6.26
238,Kensington,AU,2022-12-30 16:06:30,-33.9167,151.2167,67.71,91,40,5.75
239,Pemangkat,ID,2022-12-30 16:08:45,1.1667,108.9667,77.86,80,100,10.65
240,Lazaro Cardenas,MX,2022-12-30 16:08:46,17.9583,-102.2,79.16,53,87,3.29
241,Cagliari,IT,2022-12-30 16:08:46,39.245,9.0912,63.95,75,0,9.22
242,Sorland,NO,2022-12-30 16:08:46,67.667,12.6934,39.49,75,100,27.72
243,Tevriz,RU,2022-12-30 16:08:47,57.509,72.4042,-21.68,100,63,3.04
244,Gat,IL,2022-12-30 16:08:47,31.61,34.7642,59.68,13,0,12.41
245,Srinagar,IN,2022-12-30 16:08:48,34.0833,74.8167,31.37,77,23,3.27
246,Krasnyy Chikoy,RU,2022-12-30 16:08:48,50.3643,108.7512,-6.34,100,81,3.27
247,Gamba,GA,2022-12-30 16:08:48,-2.65,10.0,81.18,77,48,5.35
248,Banda Aceh,ID,2022-12-30 16:08:49,5.5577,95.3222,75.25,83,100,8.63
249,Chudovo,RU,2022-12-30 16:08:49,59.1167,31.6833,34.43,99,100,7.09
250,Mahebourg,MU,2022-12-30 16:08:50,-20.4081,57.7,73.26,67,23,5.08
251,Pogradec,AL,2022-12-30 16:08:51,40.9025,20.6525,39.2,70,23,3.56
252,Bose,IT,2022-12-30 16:08:51,45.4612,8.0137,47.21,75,77,2.73
253,Guerrero Negro,MX,2022-12-30 16:08:52,27.9769,-114.0611,61.29,72,0,11.3
254,Mackay,AU,2022-12-30 16:08:52,-21.15,149.2,78.67,85,48,14.45
255,Airai,TL,2022-12-30 16:08:53,-8.9266,125.4092,61.3,95,100,6.85
256,Torbay,CA,2022-12-30 16:05:46,47.6666,-52.7314,27.88,77,82,7.0
257,Nago,JP,2022-12-30 16:08:55,26.5881,127.9761,61.23,86,100,22.44
258,Lady Lake,US,2022-12-30 16:08:55,28.9175,-81.9229,73.96,78,0,4.0
259,Caramay,PH,2022-12-30 16:08:56,10.1815,119.236,77.45,87,94,1.66
260,Constitucion,CL,2022-12-30 16:08:57,-35.3333,-72.4167,68.67,65,4,8.68
261,Vila,PT,2022-12-30 16:08:57,42.0304,-8.1588,50.88,95,100,12.3
262,Haines Junction,CA,2022-12-30 16:08:58,60.7522,-137.5108,-1.66,100,100,1.59
263,Kerchevskiy,RU,2022-12-30 16:08:58,59.946,56.2884,6.37,86,100,8.23
264,Yaan,NG,2022-12-30 16:08:58,7.3833,8.5667,91.83,13,46,7.78
265,Alofi,NU,2022-12-30 16:08:59,-19.0595,-169.9187,75.09,94,75,5.75
266,Loukhi,RU,2022-12-30 16:08:59,66.0764,33.0381,15.82,91,100,12.06
267,Zhigansk,RU,2022-12-30 16:09:00,66.7697,123.3711,-15.32,98,100,1.81
268,Balikpapan,ID,2022-12-30 16:09:00,-1.2675,116.8289,79.79,83,20,0.0
269,Victor Harbor,AU,2022-12-30 16:09:00,-35.5667,138.6167,63.0,82,9,8.86
270,Agadez,NE,2022-12-30 16:09:01,19.75,10.25,66.07,16,2,6.53
271,Smirnykh,RU,2022-12-30 16:09:01,49.75,142.8333,-2.43,95,11,4.88
272,Nicolas Bravo,MX,2022-12-30 16:09:02,18.45,-88.9167,80.47,71,35,6.89
273,Pevek,RU,2022-12-30 16:09:02,69.7008,170.3133,-35.48,100,53,2.28
274,Cockburn Town,TC,2022-12-30 16:09:02,21.4612,-71.1419,78.55,68,4,19.04
275,Jiangkou,CN,2022-12-30 16:09:03,25.4872,119.1986,54.59,76,84,16.11
276,Bengkulu,ID,2022-12-30 16:09:03,-3.8004,102.2655,75.22,86,100,11.16
277,Walvis Bay,NA,2022-12-30 16:10:04,-22.9575,14.5053,68.09,71,14,6.64
278,Wajima,JP,2022-12-30 16:10:04,37.4,136.9,43.02,72,99,9.82
279,Darhan,MN,2022-12-30 16:10:05,49.4867,105.9228,-4.05,99,99,3.33
280,Spearfish,US,2022-12-30 16:08:45,44.4908,-103.8594,34.21,53,0,5.01
281,Atasu,KZ,2022-12-30 16:10:06,48.6814,71.6433,15.64,97,100,5.93
282,Goderich,CA,2022-12-30 16:10:14,43.7501,-81.7165,49.91,96,100,20.0
283,Kokopo,PG,2022-12-30 16:10:12,-4.352,152.2633,76.44,84,100,5.61
284,Aksu,CN,2022-12-30 16:10:15,41.1231,80.2644,21.22,51,38,3.44
285,Bilibino,RU,2022-12-30 16:10:15,68.0546,166.4372,-33.43,99,19,3.53
286,Chardara,KZ,2022-12-30 16:10:15,41.2547,67.9692,44.46,58,100,7.83
287,Zarubino,RU,2022-12-30 16:10:16,42.63,131.0922,17.87,68,2,10.85
288,Paamiut,GL,2022-12-30 16:10:16,61.994,-49.6678,11.37,77,4,13.31
289,Panlaitan,PH,2022-12-30 16:10:17,12.1191,119.8486,80.92,79,93,8.79
290,Aklavik,CA,2022-12-30 16:10:17,68.2191,-135.0107,-3.19,98,100,7.18
291,Ranir Bazar,IN,2022-12-30 16:10:17,23.8333,91.3667,55.31,100,3,0.0
292,Tiarei,PF,2022-12-30 16:10:18,-17.5333,-149.3333,78.82,77,28,12.93
293,Rudbar,AF,2022-12-30 16:10:18,30.15,62.6,51.3,33,26,5.03
294,Colonia,DE,2022-12-30 16:09:15,50.9333,6.95,51.89,87,100,17.27
295,Nueva Concepcion,GT,2022-12-30 16:10:19,14.2,-91.3,82.89,56,23,5.48
296,Narsaq,GL,2022-12-30 16:10:20,60.9167,-46.05,1.62,70,0,5.08
297,Samarai,PG,2022-12-30 16:10:20,-10.6167,150.6667,78.66,86,100,11.88
298,Astana,KZ,2022-12-30 16:10:20,51.1801,71.446,17.55,93,100,6.71
299,Mandalgovi,MN,2022-12-30 16:10:21,45.7625,106.2708,7.27,70,69,5.35
300,Micheweni,TZ,2022-12-30 16:10:21,-4.9667,39.8333,81.28,74,93,13.02
301,Brigantine,US,2022-12-30 16:06:35,39.4101,-74.3646,57.4,71,0,4.61
302,Kyra,RU,2022-12-30 16:10:22,49.5776,111.9753,-2.61,88,5,7.16
303,Saldanha,ZA,2022-12-30 16:10:22,-33.0117,17.9442,68.45,62,0,15.95
304,Flin Flon,CA,2022-12-30 16:09:58,54.7682,-101.865,-14.93,99,77,2.8
305,Aktau,KZ,2022-12-30 16:10:23,43.65,51.2,34.38,61,16,5.73
306,Springdale,US,2022-12-30 16:08:43,36.1867,-94.1288,49.73,73,0,8.05
307,Watsa,CD,2022-12-30 16:09:07,3.0372,29.5355,72.32,63,100,0.49
308,Leningradskiy,RU,2022-12-30 16:10:24,69.3833,178.4167,-18.42,94,100,11.05
309,Srednekolymsk,RU,2022-12-30 16:10:25,67.45,153.6833,-39.01,99,98,1.72
310,Faya,SA,2022-12-30 16:10:25,18.3851,42.4509,55.92,58,57,5.32
311,Moosburg,DE,2022-12-30 16:10:26,48.4667,11.9333,48.02,78,0,3.44
312,Kodinsk,RU,2022-12-30 16:10:27,58.6881,99.1844,-34.98,100,22,2.01
313,Agde,FR,2022-12-30 16:10:27,43.3108,3.4758,57.88,85,0,5.75
314,Inhambane,MZ,2022-12-30 16:10:27,-23.865,35.3833,79.83,65,100,15.43
315,Griffith,US,2022-12-30 16:08:59,41.5284,-87.4237,46.89,77,100,13.8
316,Buenos Aires,AR,2022-12-30 16:10:28,-34.6132,-58.3772,95.0,34,1,8.39
317,Pandan,PH,2022-12-30 16:10:28,14.0453,124.1694,78.6,88,100,5.7
318,Coquimbo,CL,2022-12-30 16:10:29,-29.9533,-71.3436,65.93,72,100,9.22
319,Invermere,CA,2022-12-30 16:10:29,50.5167,-116.0354,12.78,96,100,1.3
320,Chapeco,BR,2022-12-30 16:10:29,-27.0964,-52.6183,86.14,29,1,4.18
321,Guozhen,CN,2022-12-30 16:10:30,34.3659,107.359,33.21,62,6,1.3
322,Nanortalik,GL,2022-12-30 16:10:30,60.1432,-45.2371,17.64,72,1,16.78
323,Waddan,LY,2022-12-30 16:10:31,29.1614,16.139,62.49,31,25,3.36
324,Richards Bay,ZA,2022-12-30 16:11:31,-28.783,32.0377,67.95,77,100,9.44
325,Bairiki,KI,2022-12-30 16:11:32,1.3292,172.9752,80.6,78,20,9.22
326,Longhua,CN,2022-12-30 16:11:32,23.6137,114.1919,46.92,76,61,3.89
327,Galle,LK,2022-12-30 16:11:32,6.0367,80.217,76.44,82,100,6.42
328,Apoldu De Jos,RO,2022-12-30 16:11:33,45.8667,23.85,41.67,79,91,2.93
329,Marsa Matruh,EG,2022-12-30 16:11:33,31.3525,27.2453,63.0,69,0,7.92
330,Apatity,RU,2022-12-30 16:11:34,67.5641,33.4031,19.53,92,92,12.37
331,Kenai,US,2022-12-30 16:11:34,60.5544,-151.2583,30.25,64,100,11.5
332,Port Elizabeth,ZA,2022-12-30 16:10:45,-33.918,25.5701,71.1,61,93,1.99
333,Albanel,CA,2022-12-30 16:11:35,48.8832,-72.4487,36.3,100,100,6.31
334,Nemuro,JP,2022-12-30 16:11:35,43.3236,145.575,28.02,70,24,11.18
335,Capaci,IT,2022-12-30 16:11:35,38.1711,13.2393,62.2,79,42,12.66
336,La Rioja,ES,2022-12-30 16:11:36,42.25,-2.5,49.78,78,98,3.91
337,Samur,RU,2022-12-30 16:11:36,41.8253,48.486,40.37,81,43,3.04
338,Tulum,MX,2022-12-30 16:11:37,20.2167,-87.4667,81.37,68,11,10.25
339,Te Anau,NZ,2022-12-30 16:11:37,-45.4167,167.7167,43.14,94,20,1.79
340,Mananjary,MG,2022-12-30 16:11:37,-21.2167,48.3333,77.32,74,0,5.68
341,Cochabamba,BO,2022-12-30 16:11:38,-17.3895,-66.1568,66.51,59,98,1.9
342,Kjollefjord,NO,2022-12-30 16:11:38,70.9457,27.3465,26.65,80,100,35.68
343,Mineros,BO,2022-12-30 16:11:38,-17.1167,-63.2333,92.28,35,99,1.88
344,Saint Pete Beach,US,2022-12-30 16:11:39,27.7253,-82.7412,76.24,67,90,5.01
345,Neyvo-Shaytanskiy,RU,2022-12-30 16:11:39,57.7286,61.2496,-6.12,100,100,4.36
346,Fairbanks,US,2022-12-30 16:10:00,64.8378,-147.7164,-2.24,80,100,0.0
347,Ballina,AU,2022-12-30 16:11:20,-28.8667,153.5667,67.01,99,26,6.85
348,Isla Mujeres,MX,2022-12-30 16:11:40,21.2311,-86.731,84.25,79,3,15.32
349,Salalah,OM,2022-12-30 16:11:40,17.0151,54.0924,78.89,34,0,16.11
350,Urucara,BR,2022-12-30 16:11:41,-2.5364,-57.76,86.56,61,99,3.62
351,Makasar,ID,2022-12-30 16:10:23,-5.14,119.4221,73.45,88,40,5.75
352,Aksarayskiy,RU,2022-12-30 16:11:41,46.7924,48.0119,32.52,75,71,9.84
353,Klyuchi,RU,2022-12-30 16:11:41,52.2667,79.1667,10.87,97,100,2.95
354,Bela,IN,2022-12-30 16:11:42,25.9333,81.9833,58.87,43,0,3.49
355,Huarmey,PE,2022-12-30 16:11:42,-10.0681,-78.1522,74.41,74,94,12.12
356,Mbuji-Mayi,CD,2022-12-30 16:11:42,-6.15,23.6,74.77,88,68,4.5
357,Kokstad,ZA,2022-12-30 16:11:43,-30.5472,29.4241,54.39,90,100,2.33
358,Troitskiy,RU,2022-12-30 16:11:43,57.0603,63.7481,-6.3,100,99,4.54
359,Tuy Hoa,VN,2022-12-30 16:11:44,13.0833,109.3,69.4,88,100,14.14
360,Esso,RU,2022-12-30 16:11:44,55.9333,158.7,2.79,99,100,2.3
361,Galesong,ID,2022-12-30 16:11:44,-5.3166,119.3661,73.42,80,100,8.63
362,Caxito,AO,2022-12-30 16:11:45,-8.5785,13.6643,87.46,54,44,10.63
363,Vila Franca Do Campo,PT,2022-12-30 16:11:45,37.7167,-25.4333,59.41,86,100,19.17
364,Pindiga,NG,2022-12-30 16:11:46,9.9833,10.9333,80.58,16,25,8.61
365,Gizo,SB,2022-12-30 16:11:46,-8.103,156.8419,81.64,74,100,9.4
366,Fortuna,US,2022-12-30 16:11:46,40.5982,-124.1573,55.74,96,100,5.01
367,Rathdrum,US,2022-12-30 16:11:47,47.8137,-116.892,34.47,95,100,1.01
368,Grand-Lahou,CI,2022-12-30 16:11:47,5.1367,-5.0242,84.69,65,81,10.54
369,Gorontalo,ID,2022-12-30 16:11:48,0.5412,123.0595,75.49,94,95,4.21
370,Road Town,VG,2022-12-30 16:11:48,18.4167,-64.6167,82.44,78,40,11.5
371,Chichester,GB,2022-12-30 16:11:48,50.8367,-0.78,55.35,92,100,10.0
372,Sola,VU,2022-12-30 16:12:49,-13.8833,167.55,82.9,74,82,18.84
373,Muzhi,RU,2022-12-30 16:12:49,65.3667,64.6667,-19.14,100,99,2.68
374,Priargunsk,RU,2022-12-30 16:12:19,50.3691,119.1012,-25.73,100,57,1.66
375,Nianzishan,CN,2022-12-30 16:12:50,47.5167,122.8833,0.82,87,29,4.99
376,Nantucket,US,2022-12-30 16:10:54,41.2835,-70.0995,55.54,76,0,11.5
377,Xiongzhou,CN,2022-12-30 16:12:50,25.1167,114.3,40.62,87,22,3.22
378,Chateaubelair,VC,2022-12-30 16:12:51,13.2833,-61.25,77.85,79,22,13.29
379,Rorvik,NO,2022-12-30 16:12:51,64.8621,11.2373,37.51,81,93,9.22
380,Makakilo City,US,2022-12-30 16:12:52,21.3469,-158.0858,70.99,82,0,4.61
381,Talnakh,RU,2022-12-30 16:12:52,69.4865,88.3972,-19.91,96,37,7.0
382,Vostok,RU,2022-12-30 16:12:53,46.4856,135.8833,-9.45,97,39,4.99
383,Luanda,AO,2022-12-30 16:11:16,-8.8368,13.2343,84.2,65,20,13.8
384,College,US,2022-12-30 16:12:53,64.8569,-147.8028,-2.25,79,75,0.0
385,Sur,OM,2022-12-30 16:12:54,22.5667,59.5289,71.62,56,0,8.03
386,Soure,BR,2022-12-30 16:12:54,-0.7167,-48.5233,83.52,70,100,9.95
387,Yumen,CN,2022-12-30 16:12:54,40.2833,97.2,15.75,54,0,16.6
388,Esfahan,IR,2022-12-30 16:12:55,32.6572,51.6776,37.04,49,0,3.2
389,Mokhotlong,LS,2022-12-30 16:12:55,-29.2894,29.0675,60.04,66,63,4.14
390,Kirakira,SB,2022-12-30 16:12:56,-10.4544,161.9205,79.92,84,98,6.02
391,Raalte,NL,2022-12-30 16:12:56,52.3858,6.275,48.42,95,100,26.17
392,Coxim,BR,2022-12-30 16:12:57,-18.5067,-54.76,90.28,48,100,4.54
393,Nalut,LY,2022-12-30 16:12:57,30.3333,10.85,60.55,24,0,4.56
394,Santa Cruz,BO,2022-12-30 16:12:35,-17.8,-63.1667,90.86,46,40,6.91
395,Waspan,NI,2022-12-30 16:12:58,14.7419,-83.9717,79.59,78,63,4.38
396,Kapit,MY,2022-12-30 16:12:58,2.0167,112.9333,71.19,97,100,0.85
397,San Quintin,MX,2022-12-30 16:12:59,30.4833,-115.95,59.4,72,50,6.04
398,Ixtapa,MX,2022-12-30 16:09:53,20.7,-105.2,75.22,64,75,5.75
399,Kaitangata,NZ,2022-12-30 16:12:59,-46.2817,169.8464,45.64,90,57,1.66
400,Kiunga,PG,2022-12-30 16:13:00,-6.1219,141.2906,72.46,97,95,0.27
401,Zelenoborskiy,RU,2022-12-30 16:13:00,66.845,32.3622,18.07,91,100,14.58
402,Plouzane,FR,2022-12-30 16:13:01,48.3833,-4.6167,55.72,94,100,23.02
403,Bud,US,2022-12-30 16:13:01,39.447,-86.1758,55.67,91,100,16.35
404,Srednebelaya,RU,2022-12-30 16:13:02,50.6594,128.0106,3.58,99,88,3.04
405,Tateyama,JP,2022-12-30 16:13:02,34.9833,139.8667,44.1,56,52,11.3
406,Pangnirtung,CA,2022-12-30 16:13:03,66.1451,-65.7125,-21.84,97,88,3.47
407,La Ronge,CA,2022-12-30 16:13:03,55.1001,-105.2842,-5.66,97,75,4.63
408,Port-Cartier,CA,2022-12-30 16:13:04,50.0334,-66.8654,24.75,93,100,4.63
409,Sao Jose Da Coroa Grande,BR,2022-12-30 16:13:04,-8.8978,-35.1478,83.61,63,19,12.19
410,Tamandare,BR,2022-12-30 16:13:05,-8.7597,-35.1047,83.93,63,17,11.92
411,Poshekhonye,RU,2022-12-30 16:13:05,58.4993,39.1353,21.07,95,100,8.34
412,Camacha,PT,2022-12-30 16:13:06,33.0833,-16.3333,67.42,83,20,14.97
413,San Vicente,AR,2022-12-30 16:13:06,-26.6167,-54.1333,90.82,15,0,1.59
414,Saint George,US,2022-12-30 16:12:04,37.1041,-113.5841,39.43,89,100,0.0
415,Carupano,VE,2022-12-30 16:13:07,10.6678,-63.2585,81.59,72,6,12.21
416,Sambava,MG,2022-12-30 16:14:07,-14.2667,50.1667,77.49,78,85,7.47
417,Yacuiba,BO,2022-12-30 16:14:08,-22.038,-63.6797,92.17,38,20,6.91
418,Mehamn,NO,2022-12-30 16:14:09,71.0357,27.8492,22.95,80,99,35.68
419,Mana,GF,2022-12-30 16:14:09,5.6592,-53.7767,80.35,80,24,9.13
420,Arlit,NE,2022-12-30 16:14:10,18.7369,7.3853,77.88,9,0,5.39
421,Kovernino,RU,2022-12-30 16:14:10,57.1253,43.8142,24.58,96,100,9.15
422,Igbo Ora,NG,2022-12-30 16:14:10,7.4333,3.2833,95.29,12,3,3.0
423,Karratha,AU,2022-12-30 16:14:11,-20.7377,116.8463,82.8,71,100,16.33
424,Kaspiyskiy,RU,2022-12-30 16:14:11,45.3929,47.3707,36.23,64,64,8.88
425,Kloulklubed,PW,2022-12-30 16:14:12,7.0419,134.2556,75.7,75,100,10.09
426,Batagay-Alyta,RU,2022-12-30 16:12:24,67.8006,130.4114,-28.28,87,81,5.17
427,Buala,SB,2022-12-30 16:14:12,-8.145,159.5921,79.97,82,100,5.64
428,Mosquera,CO,2022-12-30 16:14:13,4.7059,-74.2302,66.29,52,40,3.44
429,Ahipara,NZ,2022-12-30 16:14:13,-35.1667,173.1667,60.69,91,12,4.97
430,Fuyang,CN,2022-12-30 16:14:14,32.9,115.8167,36.3,44,2,4.41
431,Morgan City,US,2022-12-30 16:14:14,29.6994,-91.2068,69.01,100,100,3.44
432,Trebur,DE,2022-12-30 16:14:15,49.9311,8.4161,50.86,90,100,11.5
433,Manavalakurichi,IN,2022-12-30 16:14:15,8.1333,77.3,77.14,76,65,7.11
434,Alexandria,EG,2022-12-30 16:14:15,31.2156,29.9553,64.26,67,0,6.76
435,Sakakah,SA,2022-12-30 16:14:16,29.9697,40.2064,52.34,56,19,13.2
436,Lufilufi,WS,2022-12-30 16:14:16,-13.8745,-171.5986,76.78,75,68,8.59
437,Ilulissat,GL,2022-12-30 16:14:17,69.2167,-51.1,10.42,72,40,18.41
438,Shingu,JP,2022-12-30 16:14:17,33.7333,135.9833,37.76,77,11,7.27
439,Nouakchott,MR,2022-12-30 16:10:04,18.0858,-15.9785,84.13,45,16,17.96
440,Sitka,US,2022-12-30 16:14:18,57.0531,-135.33,40.89,87,100,5.75
441,Lavrentiya,RU,2022-12-30 16:14:18,65.5833,-171.0,-7.69,85,97,9.44
442,Matara,LK,2022-12-30 16:14:18,5.9485,80.5353,74.88,78,99,9.24
443,Korla,CN,2022-12-30 16:14:19,41.7597,86.1469,21.47,54,100,2.48
444,Maxixe,MZ,2022-12-30 16:14:19,-23.8597,35.3472,79.63,64,100,14.43
445,Sungaipenuh,ID,2022-12-30 16:14:20,-2.0833,101.3833,62.71,93,100,1.86
446,Ngaoundere,CM,2022-12-30 16:14:12,7.3167,13.5833,81.88,19,44,5.59
447,Trinidad,BO,2022-12-30 16:14:20,-14.8333,-64.9,85.98,66,40,4.61
448,Itoman,JP,2022-12-30 16:14:21,26.1247,127.6694,62.62,88,100,18.41
449,Boshnyakovo,RU,2022-12-30 16:14:21,49.6333,142.1667,5.59,88,53,5.55
450,Boyolangu,ID,2022-12-30 16:14:21,-8.1181,111.8935,74.82,90,88,6.22
451,Guarapari,BR,2022-12-30 16:14:22,-20.6667,-40.4975,84.88,72,17,9.24
452,Talara,PE,2022-12-30 16:14:22,-4.5772,-81.2719,84.96,54,0,19.57
453,Alihe,CN,2022-12-30 16:14:23,50.5667,123.7167,-11.29,98,20,3.76
454,Oranjestad,AW,2022-12-30 16:13:38,12.524,-70.027,84.15,70,75,21.85
455,Necochea,AR,2022-12-30 16:14:23,-38.5473,-58.7368,87.08,34,1,9.6
456,Rincon,US,2022-12-30 16:12:28,32.296,-81.2354,66.9,85,75,8.05
457,Rodrigues Alves,BR,2022-12-30 16:14:24,-7.738,-72.6509,84.6,68,98,3.42
458,Collie,AU,2022-12-30 16:14:25,-33.3667,116.15,57.69,96,29,5.75
459,Naze,JP,2022-12-30 16:14:25,28.3667,129.4833,54.36,80,100,15.32
460,Artyom,AZ,2022-12-30 16:14:25,40.4723,50.333,42.94,78,43,11.77
461,Paracuru,BR,2022-12-30 16:14:26,-3.41,-39.0306,82.11,54,27,16.55
462,Jalu,LY,2022-12-30 16:14:26,29.0331,21.5482,61.34,49,60,8.43
463,Birjand,IR,2022-12-30 16:15:27,32.8663,59.2211,40.96,37,0,2.42
464,Lichinga,MZ,2022-12-30 16:15:27,-13.3128,35.2406,64.83,92,80,2.55
465,Wasilla,US,2022-12-30 16:14:00,61.5814,-149.4394,33.3,74,100,4.61
466,Sobolevo,RU,2022-12-30 16:15:28,54.4299,31.8996,34.07,100,100,10.07
467,Kichera,RU,2022-12-30 16:15:28,55.9375,110.0997,-1.97,88,100,4.29
468,Clyde River,CA,2022-12-30 16:15:28,70.4692,-68.5914,-16.37,76,100,3.44
469,Rio Muerto,MX,2022-12-30 16:15:29,27.4167,-110.2333,64.92,50,15,5.59
470,Lorengau,PG,2022-12-30 16:15:29,-2.0226,147.2712,79.03,82,100,6.58
471,Escanaba,US,2022-12-30 16:15:30,45.7453,-87.0646,39.25,93,100,3.0
472,Dzilam Gonzalez,MX,2022-12-30 16:15:31,21.2833,-88.9333,82.31,62,51,8.61
473,Opuwo,NA,2022-12-30 16:15:31,-18.0607,13.84,72.63,71,99,12.73
474,Bagotville,AU,2022-12-30 16:13:17,-28.9833,153.4167,66.85,99,25,5.21
475,Loma Bonita,PA,2022-12-30 16:15:32,8.3833,-80.1667,84.16,66,31,10.45
476,Despotovac,RS,2022-12-30 16:15:32,44.0925,21.4469,49.03,77,76,4.9
477,Dabrowa Tarnowska,PL,2022-12-30 16:15:08,50.1746,20.9863,40.68,86,35,7.05
478,Kargil,IN,2022-12-30 16:15:33,34.5667,76.1,4.21,80,15,5.39
479,Avera,US,2022-12-30 16:15:33,33.194,-82.5271,63.37,78,8,6.82
480,Pangoa,PE,2022-12-30 16:15:34,-12.1167,-73.0,81.7,63,100,4.32
481,Samana,DO,2022-12-30 16:15:34,19.2056,-69.3369,82.62,74,75,4.61
482,Geraldton,AU,2022-12-30 16:15:34,-28.7667,114.6,70.21,73,100,16.11
483,Gagino,RU,2022-12-30 16:15:35,55.2314,45.0339,21.6,97,99,6.49
484,Normandin,CA,2022-12-30 16:15:35,48.8333,-72.5321,35.73,93,100,6.91
485,Mujiayingzi,CN,2022-12-30 16:15:36,42.1167,118.7833,14.2,44,0,7.58
486,Jumla,NP,2022-12-30 16:15:05,29.2747,82.1838,34.03,91,48,3.0
487,Myrtle Beach,US,2022-12-30 16:12:40,33.6891,-78.8867,69.1,75,0,8.05
488,Hun,LY,2022-12-30 16:15:36,29.1268,15.9477,62.44,31,20,5.14
489,Quatre Cocos,MU,2022-12-30 16:15:37,-20.2078,57.7625,78.91,67,41,6.08
490,Karauli,IN,2022-12-30 16:15:37,26.5,77.0167,60.51,49,0,7.61
491,Hailey,US,2022-12-30 16:15:38,43.5196,-114.3153,24.8,84,100,9.22
492,Kargasok,RU,2022-12-30 16:15:38,59.0556,80.8572,-14.94,100,89,3.67
493,Hibbing,US,2022-12-30 16:12:01,47.4272,-92.9377,15.15,79,100,4.61
494,Tevaitoa,PF,2022-12-30 16:15:39,-16.7833,-151.5,80.38,76,79,14.5
495,Borogontsy,RU,2022-12-30 16:12:23,62.6683,131.1683,-21.44,97,100,6.38
496,Usinsk,RU,2022-12-30 16:15:39,65.9939,57.5281,-15.59,98,45,6.71
497,Carberry,CA,2022-12-30 16:15:40,49.8689,-99.3602,-0.17,97,14,6.2
498,Den Helder,NL,2022-12-30 16:15:40,52.9599,4.7593,50.02,94,75,37.0
499,Moerai,PF,2022-12-30 16:15:40,-22.4333,-151.3333,77.09,75,98,10.87
500,Petropavlovsk-Kamchatskiy,RU,2022-12-30 16:15:41,53.0452,158.6483,12.79,73,75,6.71
501,Livingston,GB,2022-12-30 16:12:09,55.9029,-3.5226,45.12,79,40,25.32
502,Groningen,NL,2022-12-30 16:15:42,53.25,6.75,47.16,87,75,21.85
503,Okhotsk,RU,2022-12-30 16:15:42,59.3833,143.3,-2.04,94,97,8.21
504,Wanning,CN,2022-12-30 16:15:43,18.8003,110.3967,59.56,83,54,8.99
505,Uusikaupunki,FI,2022-12-30 16:15:43,60.8004,21.4084,36.46,91,94,13.13
506,Yuryev-Polskiy,RU,2022-12-30 16:16:43,56.5,39.6833,29.25,98,97,7.29
507,Plettenberg Bay,ZA,2022-12-30 16:16:44,-34.0527,23.3716,65.97,67,78,17.76
508,Chapleau,CA,2022-12-30 16:15:50,47.8405,-83.4034,41.09,93,100,11.5
509,Mossendjo,CG,2022-12-30 16:16:44,-2.9506,12.7261,76.77,88,81,3.74
510,Teguldet,RU,2022-12-30 16:16:45,57.3064,88.1667,-2.49,98,100,3.62
511,Courtenay,CA,2022-12-30 16:14:31,49.6866,-124.9936,42.96,88,100,10.42
512,Baker City,US,2022-12-30 16:15:09,44.7749,-117.8344,37.65,90,100,6.91
513,Brookings,US,2022-12-30 16:16:45,44.3114,-96.7984,21.54,93,100,5.75
514,Antigonish,CA,2022-12-30 16:14:50,45.6169,-61.9986,39.15,89,99,8.25
515,Sembe,CG,2022-12-30 16:16:46,1.6481,14.5806,91.0,26,89,0.81
516,Nome,US,2022-12-30 16:16:46,64.5011,-165.4064,10.47,85,0,9.22
517,Rockport,US,2022-12-30 16:16:46,28.0206,-97.0544,64.42,94,20,4.61
518,Puerto Colombia,CO,2022-12-30 16:16:47,10.9878,-74.9547,86.09,72,4,11.63
519,Hofn,IS,2022-12-30 16:16:47,64.2539,-15.2082,15.82,53,0,17.27
520,Egvekinot,RU,2022-12-30 16:16:48,66.3167,-179.1667,-12.68,87,100,10.78
521,Kijang,KR,2022-12-30 16:16:48,35.2442,129.2139,29.93,63,92,6.26
522,Ridgecrest,US,2022-12-30 16:16:48,35.6225,-117.6709,39.06,75,75,0.0
523,Buraydah,SA,2022-12-30 16:15:53,26.326,43.975,55.85,54,100,12.88
524,Kidal,ML,2022-12-30 16:16:49,18.4411,1.4078,75.87,7,100,14.29
525,Vila Velha,BR,2022-12-30 16:16:49,-20.3297,-40.2925,85.95,72,20,17.27
526,Port Keats,AU,2022-12-30 16:16:50,-14.25,129.55,77.72,91,100,16.08
527,Manaus,BR,2022-12-30 16:16:50,-3.1019,-60.025,86.49,66,40,5.75
528,Tautira,PF,2022-12-30 16:16:50,-17.7333,-149.15,79.29,78,42,12.19
529,Rocha,UY,2022-12-30 16:16:51,-34.4833,-54.3333,94.96,16,0,6.51
530,Caravelas,BR,2022-12-30 16:16:51,-17.7125,-39.2481,86.11,52,22,10.18
531,Rock Sound,BS,2022-12-30 16:16:51,24.9,-76.2,77.99,78,79,12.88
532,Bubaque,GW,2022-12-30 16:16:52,11.2833,-15.8333,79.79,62,100,10.89
533,Penarroya-Pueblonuevo,ES,2022-12-30 16:16:52,38.3,-5.2667,56.14,69,100,5.53
534,Hobyo,SO,2022-12-30 16:16:53,5.3505,48.5268,78.91,78,1,18.16
535,Sorong,ID,2022-12-30 16:16:53,-0.8833,131.25,77.56,85,100,6.29
536,Komsomolskiy,UZ,2022-12-30 16:16:54,40.4272,71.7189,30.92,86,100,2.3
537,Bansang,GM,2022-12-30 16:16:54,13.4333,-14.65,89.56,22,95,6.91
538,Nanuque,BR,2022-12-30 16:16:55,-17.8392,-40.3539,85.71,53,78,7.78
539,Mogok,MM,2022-12-30 16:16:55,22.9167,96.5,51.22,77,6,2.08
540,Port Lincoln,AU,2022-12-30 16:15:51,-34.7333,135.8667,59.14,76,0,13.33
541,Tessalit,ML,2022-12-30 16:16:55,20.1986,1.0114,76.91,9,100,13.89
542,Lepe,ES,2022-12-30 16:16:56,37.2548,-7.2043,64.2,67,32,6.93
543,Kudat,MY,2022-12-30 16:16:56,6.8837,116.8477,80.53,83,20,6.91
544,Vestmannaeyjar,IS,2022-12-30 16:16:57,63.4427,-20.2734,18.59,67,0,17.27
545,Yeniseysk,RU,2022-12-30 16:16:57,58.4497,92.1703,-5.69,93,100,8.48
546,Viedma,AR,2022-12-30 16:16:57,-40.8135,-62.9967,82.29,14,52,20.07
547,Las Cruces,US,2022-12-30 16:14:14,32.3123,-106.7783,46.0,89,100,1.01
548,Poronaysk,RU,2022-12-30 16:16:58,49.2167,143.1167,-0.2,95,52,3.94
549,Yomou,GN,2022-12-30 16:16:58,7.5603,-9.2653,93.04,14,85,5.66
550,Taihe,CN,2022-12-30 16:16:59,30.8712,105.3845,48.51,63,100,4.14
551,Touros,BR,2022-12-30 16:16:59,-5.1989,-35.4608,86.05,55,87,16.64
552,Sarakhs,IR,2022-12-30 16:17:00,36.5449,61.1577,42.94,75,75,9.22
553,Northam,GB,2022-12-30 16:17:00,51.0333,-4.2167,51.39,94,100,19.93
554,Strezhevoy,RU,2022-12-30 16:17:00,60.7333,77.5889,-18.2,100,92,4.14
555,Raymond Terrace,AU,2022-12-30 16:15:52,-32.75,151.75,70.95,94,16,4.61
556,Bereda,ES,2022-12-30 16:18:01,43.2686,-7.5406,60.15,96,100,12.93
557,Abapo,BO,2022-12-30 16:18:01,-18.8333,-63.4667,88.27,24,99,7.36
558,Teshie,GH,2022-12-30 16:18:02,5.5836,-0.1072,85.24,57,32,11.83
559,Upata,VE,2022-12-30 16:18:02,8.0086,-62.3989,83.19,60,90,6.06
560,Astaneh-Ye Ashrafiyeh,IR,2022-12-30 16:18:03,37.2596,49.9444,49.93,84,57,2.33
561,Nazarovo,RU,2022-12-30 16:18:03,56.0064,90.3914,-9.27,100,92,3.2
562,Namatanai,PG,2022-12-30 16:18:05,-3.6667,152.4333,78.96,81,100,4.61
563,Barra,BR,2022-12-30 16:18:05,-11.0894,-43.1417,85.64,51,50,5.84
564,Nybro,SE,2022-12-30 16:18:06,56.7446,15.9071,40.01,89,96,9.17
565,Comodoro Rivadavia,AR,2022-12-30 16:18:06,-45.8667,-67.5,69.66,23,0,16.11
566,Ancud,CL,2022-12-30 16:18:07,-41.8697,-73.8203,59.74,72,41,8.97
567,Quchan,IR,2022-12-30 16:18:07,37.106,58.5095,32.2,68,0,4.23
568,Clyde,US,2022-12-30 16:18:07,41.3042,-82.9752,58.64,69,99,18.48
569,Kuandian,CN,2022-12-30 16:18:08,40.7286,124.7847,8.78,89,5,2.17
570,Shar,KZ,2022-12-30 16:18:08,49.5886,81.0453,20.89,92,100,7.2
571,Abu Dhabi,AE,2022-12-30 16:18:08,24.4667,54.3667,71.71,68,0,4.61
572,Kyzyl-Oktyabr,KG,2022-12-30 16:18:09,42.769,75.7313,23.88,76,90,4.61
573,Antalaha,MG,2022-12-30 16:17:16,-14.9003,50.2788,75.52,86,41,7.31
574,Gwadar,PK,2022-12-30 16:18:09,25.1216,62.3254,69.46,38,3,12.21
575,Hualmay,PE,2022-12-30 16:18:10,-11.0964,-77.6139,73.65,75,100,12.41
576,Sol-Iletsk,RU,2022-12-30 16:18:10,51.1631,54.9918,18.16,97,98,4.83
577,Sao Sebastiao,BR,2022-12-30 16:18:11,-23.76,-45.4097,74.19,89,100,3.36
578,Grootfontein,NA,2022-12-30 16:18:11,-19.5667,18.1167,62.73,84,100,6.67
